INSERT INTO tipoQuarto VALUES ('single');
INSERT INTO tipoQuarto VALUES ('twin');
INSERT INTO tipoQuarto VALUES ('superior');
INSERT INTO tipoQuarto VALUES ('suite');

INSERT INTO andar VALUES (1, 'primeiro');
INSERT INTO andar VALUES (2, 'segundo');
INSERT INTO andar VALUES (3, 'terceiro');
INSERT INTO andar VALUES (4, 'quarto');
INSERT INTO andar VALUES (5, 'quinto');

INSERT INTO epocaAno VALUES ('baixa', '2020-01-01','2020-05-31');
INSERT INTO epocaAno VALUES ('media', '2020-10-01','2020-12-31');
INSERT INTO epocaAno VALUES ('alta', '2020-06-01','2020-09-30');

INSERT INTO cliente VALUES (111111111, 'AAA', NULL, NULL, 'Local1', 'Concelho1');
INSERT INTO cliente VALUES (222222222, 'AAA', NULL, NULL, 'Local1', 'Concelho1');
INSERT INTO cliente VALUES (333333333, 'BBB', NULL, NULL, 'Local2', 'Concelho1');
INSERT INTO cliente VALUES (444444444, 'CCC', NULL, NULL, 'Local3', 'Concelho1');
INSERT INTO cliente VALUES (555555555, 'DDD', NULL, NULL, 'Local1', 'Concelho2');
INSERT INTO cliente VALUES (666666666, 'EEE', NULL, NULL, 'Local2', 'Concelho2');
INSERT INTO cliente VALUES (777777777, 'José Silva', 'josesilvadealer@gmail.com', 912121212, 'Ramadas', 'Vila Real');
INSERT INTO cliente VALUES (888888888, 'José Silva', 'josesilvanotdealer@gmail.com', 912121211, 'Ermesinde', 'Valongo');
INSERT INTO cliente VALUES (999999999, 'Marco Silva', 'marcosilvadealer@gmail.com', 912121213, 'Ramadas', 'Vila Real');

-- Quartos --
--1º Andar
INSERT INTO quarto (numeroAndar, lotacaoMax, tipoQuarto) VALUES (1, 1, 'single');
INSERT INTO quarto (numeroAndar, lotacaoMax, tipoQuarto) VALUES (1, 1, 'single');
INSERT INTO quarto (numeroAndar, lotacaoMax, tipoQuarto) VALUES (1, 1, 'single');
INSERT INTO quarto (numeroAndar, lotacaoMax, tipoQuarto) VALUES (1, 1, 'single');
INSERT INTO quarto (numeroAndar, lotacaoMax, tipoQuarto) VALUES (1, 1, 'single');
INSERT INTO quarto (numeroAndar, lotacaoMax, tipoQuarto) VALUES (1, 1, 'single');
INSERT INTO quarto (numeroAndar, lotacaoMax, tipoQuarto) VALUES (1, 1, 'single');
INSERT INTO quarto (numeroAndar, lotacaoMax, tipoQuarto) VALUES (1, 1, 'single');
INSERT INTO quarto (numeroAndar, lotacaoMax, tipoQuarto) VALUES (1, 1, 'single');
INSERT INTO quarto (numeroAndar, lotacaoMax, tipoQuarto) VALUES (1, 1, 'single');

INSERT INTO quarto (numeroAndar, lotacaoMax, tipoQuarto) VALUES (1, 2, 'twin');
INSERT INTO quarto (numeroAndar, lotacaoMax, tipoQuarto) VALUES (1, 2, 'twin');
INSERT INTO quarto (numeroAndar, lotacaoMax, tipoQuarto) VALUES (1, 2, 'twin');
INSERT INTO quarto (numeroAndar, lotacaoMax, tipoQuarto) VALUES (1, 2, 'twin');
INSERT INTO quarto (numeroAndar, lotacaoMax, tipoQuarto) VALUES (1, 2, 'twin');
INSERT INTO quarto (numeroAndar, lotacaoMax, tipoQuarto) VALUES (1, 2, 'twin');
INSERT INTO quarto (numeroAndar, lotacaoMax, tipoQuarto) VALUES (1, 2, 'twin');
INSERT INTO quarto (numeroAndar, lotacaoMax, tipoQuarto) VALUES (1, 2, 'twin');
INSERT INTO quarto (numeroAndar, lotacaoMax, tipoQuarto) VALUES (1, 2, 'twin');
INSERT INTO quarto (numeroAndar, lotacaoMax, tipoQuarto) VALUES (1, 2, 'twin');

INSERT INTO quarto (numeroAndar, lotacaoMax, tipoQuarto) VALUES (1, 4, 'superior');
INSERT INTO quarto (numeroAndar, lotacaoMax, tipoQuarto) VALUES (1, 4, 'superior');
INSERT INTO quarto (numeroAndar, lotacaoMax, tipoQuarto) VALUES (1, 4, 'superior');
INSERT INTO quarto (numeroAndar, lotacaoMax, tipoQuarto) VALUES (1, 4, 'superior');
INSERT INTO quarto (numeroAndar, lotacaoMax, tipoQuarto) VALUES (1, 4, 'superior');
INSERT INTO quarto (numeroAndar, lotacaoMax, tipoQuarto) VALUES (1, 4, 'superior');
INSERT INTO quarto (numeroAndar, lotacaoMax, tipoQuarto) VALUES (1, 4, 'superior');
INSERT INTO quarto (numeroAndar, lotacaoMax, tipoQuarto) VALUES (1, 4, 'superior');
INSERT INTO quarto (numeroAndar, lotacaoMax, tipoQuarto) VALUES (1, 4, 'superior');
INSERT INTO quarto (numeroAndar, lotacaoMax, tipoQuarto) VALUES (1, 4, 'superior');

INSERT INTO quarto (numeroAndar, lotacaoMax, tipoQuarto) VALUES (1, 5, 'suite');
INSERT INTO quarto (numeroAndar, lotacaoMax, tipoQuarto) VALUES (1, 5, 'suite');
INSERT INTO quarto (numeroAndar, lotacaoMax, tipoQuarto) VALUES (1, 5, 'suite');
INSERT INTO quarto (numeroAndar, lotacaoMax, tipoQuarto) VALUES (1, 5, 'suite');
INSERT INTO quarto (numeroAndar, lotacaoMax, tipoQuarto) VALUES (1, 5, 'suite');
INSERT INTO quarto (numeroAndar, lotacaoMax, tipoQuarto) VALUES (1, 5, 'suite');
INSERT INTO quarto (numeroAndar, lotacaoMax, tipoQuarto) VALUES (1, 5, 'suite');
INSERT INTO quarto (numeroAndar, lotacaoMax, tipoQuarto) VALUES (1, 5, 'suite');
INSERT INTO quarto (numeroAndar, lotacaoMax, tipoQuarto) VALUES (1, 5, 'suite');
INSERT INTO quarto (numeroAndar, lotacaoMax, tipoQuarto) VALUES (1, 5, 'suite');

--2º Andar
INSERT INTO quarto (numeroAndar, lotacaoMax, tipoQuarto) VALUES (2, 1, 'single');
INSERT INTO quarto (numeroAndar, lotacaoMax, tipoQuarto) VALUES (2, 1, 'single');
INSERT INTO quarto (numeroAndar, lotacaoMax, tipoQuarto) VALUES (2, 1, 'single');
INSERT INTO quarto (numeroAndar, lotacaoMax, tipoQuarto) VALUES (2, 1, 'single');
INSERT INTO quarto (numeroAndar, lotacaoMax, tipoQuarto) VALUES (2, 1, 'single');
INSERT INTO quarto (numeroAndar, lotacaoMax, tipoQuarto) VALUES (2, 1, 'single');
INSERT INTO quarto (numeroAndar, lotacaoMax, tipoQuarto) VALUES (2, 1, 'single');
INSERT INTO quarto (numeroAndar, lotacaoMax, tipoQuarto) VALUES (2, 1, 'single');
INSERT INTO quarto (numeroAndar, lotacaoMax, tipoQuarto) VALUES (2, 1, 'single');
INSERT INTO quarto (numeroAndar, lotacaoMax, tipoQuarto) VALUES (2, 1, 'single');

INSERT INTO quarto (numeroAndar, lotacaoMax, tipoQuarto) VALUES (2, 2, 'twin');
INSERT INTO quarto (numeroAndar, lotacaoMax, tipoQuarto) VALUES (2, 2, 'twin');
INSERT INTO quarto (numeroAndar, lotacaoMax, tipoQuarto) VALUES (2, 2, 'twin');
INSERT INTO quarto (numeroAndar, lotacaoMax, tipoQuarto) VALUES (2, 2, 'twin');
INSERT INTO quarto (numeroAndar, lotacaoMax, tipoQuarto) VALUES (2, 2, 'twin');
INSERT INTO quarto (numeroAndar, lotacaoMax, tipoQuarto) VALUES (2, 2, 'twin');
INSERT INTO quarto (numeroAndar, lotacaoMax, tipoQuarto) VALUES (2, 2, 'twin');
INSERT INTO quarto (numeroAndar, lotacaoMax, tipoQuarto) VALUES (2, 2, 'twin');
INSERT INTO quarto (numeroAndar, lotacaoMax, tipoQuarto) VALUES (2, 2, 'twin');
INSERT INTO quarto (numeroAndar, lotacaoMax, tipoQuarto) VALUES (2, 2, 'twin');

INSERT INTO quarto (numeroAndar, lotacaoMax, tipoQuarto) VALUES (2, 4, 'superior');
INSERT INTO quarto (numeroAndar, lotacaoMax, tipoQuarto) VALUES (2, 4, 'superior');
INSERT INTO quarto (numeroAndar, lotacaoMax, tipoQuarto) VALUES (2, 4, 'superior');
INSERT INTO quarto (numeroAndar, lotacaoMax, tipoQuarto) VALUES (2, 4, 'superior');
INSERT INTO quarto (numeroAndar, lotacaoMax, tipoQuarto) VALUES (2, 4, 'superior');
INSERT INTO quarto (numeroAndar, lotacaoMax, tipoQuarto) VALUES (2, 4, 'superior');
INSERT INTO quarto (numeroAndar, lotacaoMax, tipoQuarto) VALUES (2, 4, 'superior');
INSERT INTO quarto (numeroAndar, lotacaoMax, tipoQuarto) VALUES (2, 4, 'superior');
INSERT INTO quarto (numeroAndar, lotacaoMax, tipoQuarto) VALUES (2, 4, 'superior');
INSERT INTO quarto (numeroAndar, lotacaoMax, tipoQuarto) VALUES (2, 4, 'superior');

INSERT INTO quarto (numeroAndar, lotacaoMax, tipoQuarto) VALUES (2, 5, 'suite');
INSERT INTO quarto (numeroAndar, lotacaoMax, tipoQuarto) VALUES (2, 5, 'suite');
INSERT INTO quarto (numeroAndar, lotacaoMax, tipoQuarto) VALUES (2, 5, 'suite');
INSERT INTO quarto (numeroAndar, lotacaoMax, tipoQuarto) VALUES (2, 5, 'suite');
INSERT INTO quarto (numeroAndar, lotacaoMax, tipoQuarto) VALUES (2, 5, 'suite');
INSERT INTO quarto (numeroAndar, lotacaoMax, tipoQuarto) VALUES (2, 5, 'suite');
INSERT INTO quarto (numeroAndar, lotacaoMax, tipoQuarto) VALUES (2, 5, 'suite');
INSERT INTO quarto (numeroAndar, lotacaoMax, tipoQuarto) VALUES (2, 5, 'suite');
INSERT INTO quarto (numeroAndar, lotacaoMax, tipoQuarto) VALUES (2, 5, 'suite');
INSERT INTO quarto (numeroAndar, lotacaoMax, tipoQuarto) VALUES (2, 5, 'suite');

--3º Andar
INSERT INTO quarto (numeroAndar, lotacaoMax, tipoQuarto) VALUES (3, 1, 'single');
INSERT INTO quarto (numeroAndar, lotacaoMax, tipoQuarto) VALUES (3, 1, 'single');
INSERT INTO quarto (numeroAndar, lotacaoMax, tipoQuarto) VALUES (3, 1, 'single');
INSERT INTO quarto (numeroAndar, lotacaoMax, tipoQuarto) VALUES (3, 1, 'single');
INSERT INTO quarto (numeroAndar, lotacaoMax, tipoQuarto) VALUES (3, 1, 'single');
INSERT INTO quarto (numeroAndar, lotacaoMax, tipoQuarto) VALUES (3, 1, 'single');
INSERT INTO quarto (numeroAndar, lotacaoMax, tipoQuarto) VALUES (3, 1, 'single');
INSERT INTO quarto (numeroAndar, lotacaoMax, tipoQuarto) VALUES (3, 1, 'single');
INSERT INTO quarto (numeroAndar, lotacaoMax, tipoQuarto) VALUES (3, 1, 'single');
INSERT INTO quarto (numeroAndar, lotacaoMax, tipoQuarto) VALUES (3, 1, 'single');

INSERT INTO quarto (numeroAndar, lotacaoMax, tipoQuarto) VALUES (3, 2, 'twin');
INSERT INTO quarto (numeroAndar, lotacaoMax, tipoQuarto) VALUES (3, 2, 'twin');
INSERT INTO quarto (numeroAndar, lotacaoMax, tipoQuarto) VALUES (3, 2, 'twin');
INSERT INTO quarto (numeroAndar, lotacaoMax, tipoQuarto) VALUES (3, 2, 'twin');
INSERT INTO quarto (numeroAndar, lotacaoMax, tipoQuarto) VALUES (3, 2, 'twin');
INSERT INTO quarto (numeroAndar, lotacaoMax, tipoQuarto) VALUES (3, 2, 'twin');
INSERT INTO quarto (numeroAndar, lotacaoMax, tipoQuarto) VALUES (3, 2, 'twin');
INSERT INTO quarto (numeroAndar, lotacaoMax, tipoQuarto) VALUES (3, 2, 'twin');
INSERT INTO quarto (numeroAndar, lotacaoMax, tipoQuarto) VALUES (3, 2, 'twin');
INSERT INTO quarto (numeroAndar, lotacaoMax, tipoQuarto) VALUES (3, 2, 'twin');

INSERT INTO quarto (numeroAndar, lotacaoMax, tipoQuarto) VALUES (3, 4, 'superior');
INSERT INTO quarto (numeroAndar, lotacaoMax, tipoQuarto) VALUES (3, 4, 'superior');
INSERT INTO quarto (numeroAndar, lotacaoMax, tipoQuarto) VALUES (3, 4, 'superior');
INSERT INTO quarto (numeroAndar, lotacaoMax, tipoQuarto) VALUES (3, 4, 'superior');
INSERT INTO quarto (numeroAndar, lotacaoMax, tipoQuarto) VALUES (3, 4, 'superior');
INSERT INTO quarto (numeroAndar, lotacaoMax, tipoQuarto) VALUES (3, 4, 'superior');
INSERT INTO quarto (numeroAndar, lotacaoMax, tipoQuarto) VALUES (3, 4, 'superior');
INSERT INTO quarto (numeroAndar, lotacaoMax, tipoQuarto) VALUES (3, 4, 'superior');
INSERT INTO quarto (numeroAndar, lotacaoMax, tipoQuarto) VALUES (3, 4, 'superior');
INSERT INTO quarto (numeroAndar, lotacaoMax, tipoQuarto) VALUES (3, 4, 'superior');

INSERT INTO quarto (numeroAndar, lotacaoMax, tipoQuarto) VALUES (3, 5, 'suite');
INSERT INTO quarto (numeroAndar, lotacaoMax, tipoQuarto) VALUES (3, 5, 'suite');
INSERT INTO quarto (numeroAndar, lotacaoMax, tipoQuarto) VALUES (3, 5, 'suite');
INSERT INTO quarto (numeroAndar, lotacaoMax, tipoQuarto) VALUES (3, 5, 'suite');
INSERT INTO quarto (numeroAndar, lotacaoMax, tipoQuarto) VALUES (3, 5, 'suite');
INSERT INTO quarto (numeroAndar, lotacaoMax, tipoQuarto) VALUES (3, 5, 'suite');
INSERT INTO quarto (numeroAndar, lotacaoMax, tipoQuarto) VALUES (3, 5, 'suite');
INSERT INTO quarto (numeroAndar, lotacaoMax, tipoQuarto) VALUES (3, 5, 'suite');
INSERT INTO quarto (numeroAndar, lotacaoMax, tipoQuarto) VALUES (3, 5, 'suite');
INSERT INTO quarto (numeroAndar, lotacaoMax, tipoQuarto) VALUES (3, 5, 'suite');

--4º Andar
INSERT INTO quarto (numeroAndar, lotacaoMax, tipoQuarto) VALUES (4, 1, 'single');
INSERT INTO quarto (numeroAndar, lotacaoMax, tipoQuarto) VALUES (4, 1, 'single');
INSERT INTO quarto (numeroAndar, lotacaoMax, tipoQuarto) VALUES (4, 1, 'single');
INSERT INTO quarto (numeroAndar, lotacaoMax, tipoQuarto) VALUES (4, 1, 'single');
INSERT INTO quarto (numeroAndar, lotacaoMax, tipoQuarto) VALUES (4, 1, 'single');
INSERT INTO quarto (numeroAndar, lotacaoMax, tipoQuarto) VALUES (4, 1, 'single');
INSERT INTO quarto (numeroAndar, lotacaoMax, tipoQuarto) VALUES (4, 1, 'single');
INSERT INTO quarto (numeroAndar, lotacaoMax, tipoQuarto) VALUES (4, 1, 'single');
INSERT INTO quarto (numeroAndar, lotacaoMax, tipoQuarto) VALUES (4, 1, 'single');
INSERT INTO quarto (numeroAndar, lotacaoMax, tipoQuarto) VALUES (4, 1, 'single');

INSERT INTO quarto (numeroAndar, lotacaoMax, tipoQuarto) VALUES (4, 2, 'twin');
INSERT INTO quarto (numeroAndar, lotacaoMax, tipoQuarto) VALUES (4, 2, 'twin');
INSERT INTO quarto (numeroAndar, lotacaoMax, tipoQuarto) VALUES (4, 2, 'twin');
INSERT INTO quarto (numeroAndar, lotacaoMax, tipoQuarto) VALUES (4, 2, 'twin');
INSERT INTO quarto (numeroAndar, lotacaoMax, tipoQuarto) VALUES (4, 2, 'twin');
INSERT INTO quarto (numeroAndar, lotacaoMax, tipoQuarto) VALUES (4, 2, 'twin');
INSERT INTO quarto (numeroAndar, lotacaoMax, tipoQuarto) VALUES (4, 2, 'twin');
INSERT INTO quarto (numeroAndar, lotacaoMax, tipoQuarto) VALUES (4, 2, 'twin');
INSERT INTO quarto (numeroAndar, lotacaoMax, tipoQuarto) VALUES (4, 2, 'twin');
INSERT INTO quarto (numeroAndar, lotacaoMax, tipoQuarto) VALUES (4, 2, 'twin');

INSERT INTO quarto (numeroAndar, lotacaoMax, tipoQuarto) VALUES (4, 4, 'superior');
INSERT INTO quarto (numeroAndar, lotacaoMax, tipoQuarto) VALUES (4, 4, 'superior');
INSERT INTO quarto (numeroAndar, lotacaoMax, tipoQuarto) VALUES (4, 4, 'superior');
INSERT INTO quarto (numeroAndar, lotacaoMax, tipoQuarto) VALUES (4, 4, 'superior');
INSERT INTO quarto (numeroAndar, lotacaoMax, tipoQuarto) VALUES (4, 4, 'superior');
INSERT INTO quarto (numeroAndar, lotacaoMax, tipoQuarto) VALUES (4, 4, 'superior');
INSERT INTO quarto (numeroAndar, lotacaoMax, tipoQuarto) VALUES (4, 4, 'superior');
INSERT INTO quarto (numeroAndar, lotacaoMax, tipoQuarto) VALUES (4, 4, 'superior');
INSERT INTO quarto (numeroAndar, lotacaoMax, tipoQuarto) VALUES (4, 4, 'superior');
INSERT INTO quarto (numeroAndar, lotacaoMax, tipoQuarto) VALUES (4, 4, 'superior');

INSERT INTO quarto (numeroAndar, lotacaoMax, tipoQuarto) VALUES (4, 5, 'suite');
INSERT INTO quarto (numeroAndar, lotacaoMax, tipoQuarto) VALUES (4, 5, 'suite');
INSERT INTO quarto (numeroAndar, lotacaoMax, tipoQuarto) VALUES (4, 5, 'suite');
INSERT INTO quarto (numeroAndar, lotacaoMax, tipoQuarto) VALUES (4, 5, 'suite');
INSERT INTO quarto (numeroAndar, lotacaoMax, tipoQuarto) VALUES (4, 5, 'suite');
INSERT INTO quarto (numeroAndar, lotacaoMax, tipoQuarto) VALUES (4, 5, 'suite');
INSERT INTO quarto (numeroAndar, lotacaoMax, tipoQuarto) VALUES (4, 5, 'suite');
INSERT INTO quarto (numeroAndar, lotacaoMax, tipoQuarto) VALUES (4, 5, 'suite');
INSERT INTO quarto (numeroAndar, lotacaoMax, tipoQuarto) VALUES (4, 5, 'suite');
INSERT INTO quarto (numeroAndar, lotacaoMax, tipoQuarto) VALUES (4, 5, 'suite');

--5º Andar
INSERT INTO quarto (numeroAndar, lotacaoMax, tipoQuarto) VALUES (5, 1, 'single');
INSERT INTO quarto (numeroAndar, lotacaoMax, tipoQuarto) VALUES (5, 1, 'single');
INSERT INTO quarto (numeroAndar, lotacaoMax, tipoQuarto) VALUES (5, 1, 'single');
INSERT INTO quarto (numeroAndar, lotacaoMax, tipoQuarto) VALUES (5, 1, 'single');
INSERT INTO quarto (numeroAndar, lotacaoMax, tipoQuarto) VALUES (5, 1, 'single');
INSERT INTO quarto (numeroAndar, lotacaoMax, tipoQuarto) VALUES (5, 1, 'single');
INSERT INTO quarto (numeroAndar, lotacaoMax, tipoQuarto) VALUES (5, 1, 'single');
INSERT INTO quarto (numeroAndar, lotacaoMax, tipoQuarto) VALUES (5, 1, 'single');
INSERT INTO quarto (numeroAndar, lotacaoMax, tipoQuarto) VALUES (5, 1, 'single');
INSERT INTO quarto (numeroAndar, lotacaoMax, tipoQuarto) VALUES (5, 1, 'single');

INSERT INTO quarto (numeroAndar, lotacaoMax, tipoQuarto) VALUES (5, 2, 'twin');
INSERT INTO quarto (numeroAndar, lotacaoMax, tipoQuarto) VALUES (5, 2, 'twin');
INSERT INTO quarto (numeroAndar, lotacaoMax, tipoQuarto) VALUES (5, 2, 'twin');
INSERT INTO quarto (numeroAndar, lotacaoMax, tipoQuarto) VALUES (5, 2, 'twin');
INSERT INTO quarto (numeroAndar, lotacaoMax, tipoQuarto) VALUES (5, 2, 'twin');
INSERT INTO quarto (numeroAndar, lotacaoMax, tipoQuarto) VALUES (5, 2, 'twin');
INSERT INTO quarto (numeroAndar, lotacaoMax, tipoQuarto) VALUES (5, 2, 'twin');
INSERT INTO quarto (numeroAndar, lotacaoMax, tipoQuarto) VALUES (5, 2, 'twin');
INSERT INTO quarto (numeroAndar, lotacaoMax, tipoQuarto) VALUES (5, 2, 'twin');
INSERT INTO quarto (numeroAndar, lotacaoMax, tipoQuarto) VALUES (5, 2, 'twin');

INSERT INTO quarto (numeroAndar, lotacaoMax, tipoQuarto) VALUES (5, 4, 'superior');
INSERT INTO quarto (numeroAndar, lotacaoMax, tipoQuarto) VALUES (5, 4, 'superior');
INSERT INTO quarto (numeroAndar, lotacaoMax, tipoQuarto) VALUES (5, 4, 'superior');
INSERT INTO quarto (numeroAndar, lotacaoMax, tipoQuarto) VALUES (5, 4, 'superior');
INSERT INTO quarto (numeroAndar, lotacaoMax, tipoQuarto) VALUES (5, 4, 'superior');
INSERT INTO quarto (numeroAndar, lotacaoMax, tipoQuarto) VALUES (5, 4, 'superior');
INSERT INTO quarto (numeroAndar, lotacaoMax, tipoQuarto) VALUES (5, 4, 'superior');
INSERT INTO quarto (numeroAndar, lotacaoMax, tipoQuarto) VALUES (5, 4, 'superior');
INSERT INTO quarto (numeroAndar, lotacaoMax, tipoQuarto) VALUES (5, 4, 'superior');
INSERT INTO quarto (numeroAndar, lotacaoMax, tipoQuarto) VALUES (5, 4, 'superior');

INSERT INTO quarto (numeroAndar, lotacaoMax, tipoQuarto) VALUES (5, 5, 'suite');
INSERT INTO quarto (numeroAndar, lotacaoMax, tipoQuarto) VALUES (5, 5, 'suite');
INSERT INTO quarto (numeroAndar, lotacaoMax, tipoQuarto) VALUES (5, 5, 'suite');
INSERT INTO quarto (numeroAndar, lotacaoMax, tipoQuarto) VALUES (5, 5, 'suite');
INSERT INTO quarto (numeroAndar, lotacaoMax, tipoQuarto) VALUES (5, 5, 'suite');
INSERT INTO quarto (numeroAndar, lotacaoMax, tipoQuarto) VALUES (5, 5, 'suite');
INSERT INTO quarto (numeroAndar, lotacaoMax, tipoQuarto) VALUES (5, 5, 'suite');
INSERT INTO quarto (numeroAndar, lotacaoMax, tipoQuarto) VALUES (5, 5, 'suite');
INSERT INTO quarto (numeroAndar, lotacaoMax, tipoQuarto) VALUES (5, 5, 'suite');
INSERT INTO quarto (numeroAndar, lotacaoMax, tipoQuarto) VALUES (5, 5, 'suite');


INSERT INTO estadoReserva VALUES ('reservada');
INSERT INTO estadoReserva VALUES ('cancelada');
INSERT INTO estadoReserva VALUES ('ativa');
INSERT INTO estadoReserva VALUES ('finalizada');

INSERT INTO reserva (dataEntrada, dataSaida, tipoQuarto, dataReserva, numeroPessoas, numeroAndar, numeroSequencial, clienteNIF)
VALUES ('2020-10-01', '2020-10-04', 'single', '2020-09-30', 1, 1, 1, 111111111);
INSERT INTO reserva (dataEntrada, dataSaida, tipoQuarto, dataReserva, numeroPessoas, numeroAndar, numeroSequencial, clienteNIF)
VALUES ('2020-10-01', '2020-10-04', 'suite', '2020-04-30', 2, 1, 2, 111111111); -- deve falhar
INSERT INTO reserva (dataEntrada, dataSaida, tipoQuarto, dataReserva, numeroPessoas, numeroAndar, numeroSequencial, clienteNIF)
VALUES ('2020-10-01', '2020-10-04', 'suite', '2020-04-30', 2, 1, 2, 222222222);
INSERT INTO reserva (dataEntrada, dataSaida, tipoQuarto, dataReserva, numeroPessoas, numeroAndar, numeroSequencial, clienteNIF)
VALUES ('2020-10-02', '2020-10-03', 'twin', '2020-06-25', 2, 1, 2, 333333333);
INSERT INTO reserva (dataEntrada, dataSaida, tipoQuarto, dataReserva, numeroPessoas, numeroAndar, numeroSequencial, clienteNIF)
VALUES ('2020-10-01', '2020-10-03', 'superior', '2020-04-01', 3, 3, 7, 444444444);
INSERT INTO reserva (dataEntrada, dataSaida, tipoQuarto, dataReserva, numeroPessoas, numeroAndar, numeroSequencial, clienteNIF)
VALUES ('2020-10-01', '2020-10-04', 'suite', '2020-09-30', 2, 1, 3, 555555555);
INSERT INTO reserva (dataEntrada, dataSaida, tipoQuarto, dataReserva, numeroPessoas, numeroAndar, numeroSequencial, clienteNIF)
VALUES ('2020-10-15', '2020-10-14', 'single', '2020-05-15', 1, 1, 1, 111111111); -- deve falhar
INSERT INTO reserva (dataEntrada, dataSaida, tipoQuarto, dataReserva, numeroPessoas, numeroAndar, numeroSequencial, clienteNIF)
VALUES ('2020-10-15', '2020-10-17', 'single', '2020-05-15', 1, 1, 1, 111111111);

INSERT INTO reserva (dataEntrada, dataSaida, tipoQuarto, dataReserva, numeroPessoas, numeroAndar, numeroSequencial, clienteNIF)
VALUES ('2020-09-23', '2020-09-25', 'single', '2020-08-15', 1, 1, 1, 777777777);
INSERT INTO reserva (dataEntrada, dataSaida, tipoQuarto, dataReserva, numeroPessoas, numeroAndar, numeroSequencial, clienteNIF)
VALUES ('2020-10-15', '2020-10-17', 'twin', '2020-05-15', 1, 1, 2, 777777777);
INSERT INTO reserva (dataEntrada, dataSaida, tipoQuarto, dataReserva, numeroPessoas, numeroAndar, numeroSequencial, clienteNIF)
VALUES ('2020-06-23', '2020-06-25', 'single', '2020-02-15', 1, 1, 1, 888888888);
INSERT INTO reserva (dataEntrada, dataSaida, tipoQuarto, dataReserva, numeroPessoas, numeroAndar, numeroSequencial, clienteNIF)
VALUES ('2020-05-16', '2020-05-17', 'twin', '2020-02-15', 1, 1, 2, 888888888);
INSERT INTO reserva (dataEntrada, dataSaida, tipoQuarto, dataReserva, numeroPessoas, numeroAndar, numeroSequencial, clienteNIF)
VALUES ('2020-06-26', '2020-06-27', 'single', '2020-02-15', 1, 1, 1, 999999999);
INSERT INTO reserva (dataEntrada, dataSaida, tipoQuarto, dataReserva, numeroPessoas, numeroAndar, numeroSequencial, clienteNIF)
VALUES ('2020-05-18', '2020-05-19', 'twin', '2020-02-15', 1, 1, 2, 999999999);


INSERT INTO funcionario VALUES (100000000, 'AAA', 'm1', 111111111, 'aaa@mail.com');
INSERT INTO funcionario VALUES (200000000, 'BBB', 'm2', 222222222, 'BBB@mail.com');
INSERT INTO funcionario VALUES (300000000, 'CCC', 'm3', 333333333, 'CCC@mail.com');
INSERT INTO funcionario VALUES (400000000, 'DDD', 'm4', 444444444, 'DDD@mail.com');
INSERT INTO funcionario VALUES (500000000, 'EEE', 'm5', 555555555, 'EEE@mail.com');
INSERT INTO funcionario VALUES (600000000, 'FFF', 'm6', 666666666, 'FFF@mail.com');

INSERT INTO funcionarioManutencao VALUES (100000000, 111111111, NULL);
INSERT INTO funcionarioManutencao VALUES (200000000, 222222222, 100000000);
INSERT INTO funcionarioManutencao VALUES (300000000, 333333333, 100000000);
INSERT INTO funcionarioManutencao VALUES (400000000, 444444444, 100000000);

INSERT INTO manutencao (numeroandar, numeroSequencial, funcionarioNIF, equipamento, data) VALUES (1, 1, 100000000, 'microondas', '2020-11-14 08:00:00');
INSERT INTO manutencao (numeroandar, numeroSequencial, funcionarioNIF, equipamento, data) VALUES (2, 4, 100000000, 'microondas', '2020-10-01 08:00:00');
INSERT INTO manutencao (numeroandar, numeroSequencial, funcionarioNIF, equipamento, data) VALUES (2, 4, 200000000, 'forno', '2020-10-02 09:00:00');
INSERT INTO manutencao (numeroandar, numeroSequencial, funcionarioNIF, equipamento, data) VALUES (3, 7, 100000000, 'ar condicionado', '');
INSERT INTO manutencao (numeroandar, numeroSequencial, funcionarioNIF, equipamento, data) VALUES (4, 8, 200000000, 'microondas','2020-10-01 10:00:00');
INSERT INTO manutencao (numeroandar, numeroSequencial, funcionarioNIF, equipamento, data) VALUES (1, 1, 300000000, 'forno', null);
INSERT INTO manutencao (numeroandar, numeroSequencial, funcionarioNIF, equipamento, data) VALUES (2, 4, 400000000, 'ar condicionado','2020-11-13 16:00:00');
INSERT INTO manutencao (numeroandar, numeroSequencial, funcionarioNIF, equipamento, data) VALUES (3, 7, 100000000, 'forno', '2020-10-02 08:00:00');
INSERT INTO manutencao (numeroandar, numeroSequencial, funcionarioNIF, equipamento, data) VALUES (1, 1, 300000000, 'forno', '2020-10-02 08:00:00');

insert INTO fatura (codReserva, total) 
values ((select codReserva from reserva where dataSaida < CURRENT_TIMESTAMP and clienteNif=777777777 and numeroSequencial=2), 125);

update reserva 
set estado = 'finalizada'
where dataSaida < CURRENT_TIMESTAMP and clienteNif=777777777 and numeroSequencial=2;